,mnist_index,choice,rt,confidence,threshold,noise,true label
0,9,5,3,3.0,3,2.1,5
1,33,3,3,3.0,3,2.1,3
2,45,3,3,3.0,3,2.1,3
3,48,2,4,2.0,3,2.1,2
4,95,1,3,3.0,3,2.1,1
5,112,7,4,2.0,3,2.1,7
6,147,8,3,3.0,3,2.1,8
7,150,2,4,2.0,3,2.1,2
8,168,5,3,3.0,3,2.1,5
9,181,1,3,3.0,3,2.1,1
10,211,4,3,3.0,3,2.1,4
11,277,1,3,3.0,3,2.1,1
12,291,9,8,1.0,3,2.1,8
13,322,7,3,3.0,3,2.1,2
14,339,8,3,3.0,3,2.1,8
15,341,5,8,1.0,3,2.1,5
16,374,8,3,3.0,3,2.1,8
17,382,3,4,2.0,3,2.1,3
18,413,3,5,2.0,3,2.1,5
19,445,2,4,2.0,3,2.1,2
20,446,0,5,1.0,3,2.1,6
21,447,6,3,3.0,3,2.1,6
22,465,3,5,1.0,3,2.1,3
23,500,6,3,3.0,3,2.1,6
24,517,2,3,3.0,3,2.1,2
25,554,8,4,2.0,3,2.1,8
26,583,1,4,2.0,3,2.1,8
27,615,3,3,3.0,3,2.1,3
28,626,6,4,2.0,3,2.1,6
29,638,3,5,2.0,3,2.1,3
30,660,1,4,2.0,3,2.1,2
31,668,1,4,2.0,3,2.1,7
32,685,7,5,2.0,3,2.1,7
33,721,6,5,2.0,3,2.1,5
34,741,9,4,2.0,3,2.1,4
35,753,4,3,3.0,3,2.1,4
36,766,4,3,3.0,3,2.1,4
37,803,4,3,3.0,3,2.1,4
38,821,6,3,3.0,3,2.1,6
39,839,4,3,3.0,3,2.1,4
40,845,8,4,2.0,3,2.1,8
41,892,2,3,3.0,3,2.1,2
42,938,6,3,3.0,3,2.1,6
43,942,7,3,3.0,3,2.1,7
44,953,6,3,3.0,3,2.1,6
45,957,5,7,1.0,3,2.1,1
46,970,4,3,3.0,3,2.1,4
47,972,4,3,3.0,3,2.1,4
48,984,8,3,3.0,3,2.1,8
49,990,6,3,3.0,3,2.1,6
50,1008,8,4,2.0,3,2.1,8
51,1040,1,3,3.0,3,2.1,7
52,1044,4,3,3.0,3,2.1,4
53,1050,2,3,3.0,3,2.1,2
54,1051,2,4,2.0,3,2.1,2
55,1057,2,3,3.0,3,2.1,2
56,1079,4,3,3.0,3,2.1,4
57,1114,5,3,3.0,3,2.1,5
58,1115,3,6,1.0,3,2.1,3
59,1116,5,4,2.0,3,2.1,5
60,1129,3,3,3.0,3,2.1,3
61,1159,4,3,3.0,3,2.1,4
62,1200,6,3,3.0,3,2.1,6
63,1243,9,5,1.0,3,2.1,4
64,1249,8,7,1.0,3,2.1,8
65,1251,6,3,3.0,3,2.1,6
66,1264,4,4,2.0,3,2.1,4
67,1368,3,3,3.0,3,2.1,3
68,1374,6,3,3.0,3,2.1,6
69,1377,5,3,3.0,3,2.1,5
70,1394,3,3,3.0,3,2.1,5
71,1411,2,3,3.0,3,2.1,2
72,1421,6,3,3.0,3,2.1,6
73,1445,6,6,1.0,3,2.1,6
74,1454,4,3,3.0,3,2.1,4
75,1504,3,3,3.0,3,2.1,3
76,1510,4,3,3.0,3,2.1,4
77,1523,7,5,1.0,3,2.1,7
78,1528,4,9,1.0,3,2.1,1
79,1531,7,6,1.0,3,2.1,8
80,1580,6,3,3.0,3,2.1,6
81,1582,7,3,3.0,3,2.1,7
82,1583,1,3,3.0,3,2.1,1
83,1626,4,3,3.0,3,2.1,4
84,1635,4,5,2.0,3,2.1,4
85,1672,7,3,3.0,3,2.1,7
86,1678,5,4,2.0,3,2.1,5
87,1681,4,3,3.0,3,2.1,4
88,1695,8,3,3.0,3,2.1,8
89,1728,3,3,3.0,3,2.1,3
90,1730,1,3,3.0,3,2.1,1
91,1768,4,3,3.0,3,2.1,4
92,1805,3,3,3.0,3,2.1,3
93,1820,6,4,2.0,3,2.1,6
94,1835,1,3,3.0,3,2.1,1
95,1841,3,3,3.0,3,2.1,3
96,1851,8,4,2.0,3,2.1,8
97,1866,4,3,3.0,3,2.1,4
98,1872,2,3,3.0,3,2.1,2
99,1880,9,7,1.0,3,2.1,5
100,1894,8,3,3.0,3,2.1,8
101,1927,3,3,3.0,3,2.1,3
102,1934,7,3,3.0,3,2.1,7
103,1940,1,3,3.0,3,2.1,1
104,1950,7,3,3.0,3,2.1,7
105,1961,8,3,3.0,3,2.1,8
106,1969,8,4,2.0,3,2.1,8
107,1986,4,3,3.0,3,2.1,4
108,2018,1,3,3.0,3,2.1,1
109,2035,1,3,3.0,3,2.1,1
110,2036,3,3,3.0,3,2.1,5
111,2038,5,3,3.0,3,2.1,5
112,2041,5,5,2.0,3,2.1,5
113,2083,2,3,3.0,3,2.1,2
114,2091,4,3,3.0,3,2.1,4
115,2099,2,4,2.0,3,2.1,2
116,2116,7,3,3.0,3,2.1,7
117,2144,7,3,3.0,3,2.1,7
118,2150,8,3,3.0,3,2.1,8
119,2174,4,3,3.0,3,2.1,4
120,2207,4,3,3.0,3,2.1,4
121,2220,8,4,2.0,3,2.1,8
122,2235,7,3,3.0,3,2.1,7
123,2267,4,5,2.0,3,2.1,1
124,2272,8,3,3.0,3,2.1,8
125,2274,1,3,3.0,3,2.1,1
126,2289,3,3,3.0,3,2.1,3
127,2323,3,7,1.0,3,2.1,5
128,2345,7,3,3.0,3,2.1,7
129,2348,3,3,3.0,3,2.1,3
130,2373,7,3,3.0,3,2.1,7
131,2395,4,3,3.0,3,2.1,4
132,2424,8,3,3.0,3,2.1,8
133,2448,4,3,3.0,3,2.1,4
134,2458,4,3,3.0,3,2.1,4
135,2475,7,3,3.0,3,2.1,7
136,2489,1,3,3.0,3,2.1,2
137,2501,2,3,3.0,3,2.1,2
138,2522,7,3,3.0,3,2.1,7
139,2531,4,3,3.0,3,2.1,4
140,2535,3,3,3.0,3,2.1,3
141,2536,6,3,3.0,3,2.1,6
142,2540,7,3,3.0,3,2.1,7
143,2544,8,3,3.0,3,2.1,8
144,2585,8,3,3.0,3,2.1,8
145,2655,1,3,3.0,3,2.1,6
146,2691,3,3,3.0,3,2.1,3
147,2696,7,3,3.0,3,2.1,7
148,2737,7,3,3.0,3,2.1,7
149,2835,8,5,1.0,3,2.1,8
150,2847,6,3,3.0,3,2.1,6
151,2890,4,3,3.0,3,2.1,4
152,2898,8,3,3.0,3,2.1,8
153,2970,5,4,2.0,3,2.1,5
154,2992,3,3,3.0,3,2.1,3
155,2998,1,3,3.0,3,2.1,1
156,3028,1,3,3.0,3,2.1,1
157,3037,6,3,3.0,3,2.1,6
158,3048,2,3,3.0,3,2.1,2
159,3059,6,3,3.0,3,2.1,6
160,3063,8,4,2.0,3,2.1,8
161,3069,8,3,3.0,3,2.1,8
162,3074,2,6,1.0,3,2.1,1
163,3116,5,3,3.0,3,2.1,5
164,3170,4,3,3.0,3,2.1,4
165,3177,2,5,1.0,3,2.1,2
166,3181,2,3,3.0,3,2.1,2
167,3255,0,5,1.0,3,2.1,6
168,3310,7,3,3.0,3,2.1,7
169,3329,7,3,3.0,3,2.1,7
170,3331,2,4,2.0,3,2.1,2
171,3334,7,5,2.0,3,2.1,7
172,3337,9,4,2.0,3,2.1,5
173,3375,8,3,3.0,3,2.1,8
174,3377,7,4,2.0,3,2.1,7
175,3432,4,3,3.0,3,2.1,4
176,3463,5,3,3.0,3,2.1,5
177,3466,4,3,3.0,3,2.1,4
178,3521,4,4,2.0,3,2.1,6
179,3544,4,3,3.0,3,2.1,4
180,3558,6,4,2.0,3,2.1,6
181,3559,0,3,3.0,3,2.1,5
182,3587,1,3,3.0,3,2.1,1
183,3599,1,4,2.0,3,2.1,1
184,3656,2,3,3.0,3,2.1,2
185,3693,7,3,3.0,3,2.1,7
186,3720,7,3,3.0,3,2.1,7
187,3728,9,6,1.0,3,2.1,8
188,3732,2,3,3.0,3,2.1,2
189,3747,3,4,2.0,3,2.1,3
190,3759,4,3,3.0,3,2.1,4
191,3768,2,3,3.0,3,2.1,7
192,3770,7,3,3.0,3,2.1,3
193,3777,5,4,2.0,3,2.1,5
194,3859,1,3,3.0,3,2.1,1
195,3895,1,3,3.0,3,2.1,1
196,3920,1,3,3.0,3,2.1,1
197,3929,0,4,2.0,3,2.1,5
198,3947,2,4,2.0,3,2.1,2
199,3970,7,3,3.0,3,2.1,7
200,4013,4,3,3.0,3,2.1,4
201,4014,1,3,3.0,3,2.1,1
202,4020,6,4,2.0,3,2.1,6
203,4027,3,3,3.0,3,2.1,3
204,4032,5,3,3.0,3,2.1,5
205,4047,4,3,3.0,3,2.1,4
206,4055,3,6,1.0,3,2.1,5
207,4085,3,3,3.0,3,2.1,3
208,4087,8,4,2.0,3,2.1,8
209,4093,0,5,2.0,3,2.1,8
210,4105,1,3,3.0,3,2.1,1
211,4129,3,5,2.0,3,2.1,3
212,4191,1,3,3.0,3,2.1,1
213,4234,5,3,3.0,3,2.1,5
214,4239,3,5,1.0,3,2.1,7
215,4240,6,3,3.0,3,2.1,6
216,4264,5,3,3.0,3,2.1,5
217,4298,7,3,3.0,3,2.1,7
218,4306,8,3,3.0,3,2.1,8
219,4307,3,3,3.0,3,2.1,3
220,4316,5,7,1.0,3,2.1,5
221,4318,9,5,1.0,3,2.1,3
222,4337,6,3,3.0,3,2.1,6
223,4356,9,7,1.0,3,2.1,5
224,4375,9,3,3.0,3,2.1,5
225,4394,3,4,2.0,3,2.1,3
226,4397,4,3,3.0,3,2.1,4
227,4417,6,3,3.0,3,2.1,6
228,4436,7,5,1.0,3,2.1,3
229,4441,3,3,3.0,3,2.1,5
230,4493,3,3,3.0,3,2.1,3
231,4507,2,3,3.0,3,2.1,2
232,4511,2,3,3.0,3,2.1,2
233,4607,1,3,3.0,3,2.1,1
234,4608,6,4,2.0,3,2.1,6
235,4616,4,3,3.0,3,2.1,2
236,4697,3,7,1.0,3,2.1,5
237,4699,6,3,3.0,3,2.1,6
238,4723,5,4,2.0,3,2.1,5
239,4732,7,5,2.0,3,2.1,8
240,4733,1,3,3.0,3,2.1,1
241,4734,1,3,3.0,3,2.1,1
242,4750,5,3,3.0,3,2.1,5
243,4752,4,3,3.0,3,2.1,4
244,4767,5,6,2.0,3,2.1,5
245,4780,6,3,3.0,3,2.1,6
246,4802,2,5,1.0,3,2.1,2
247,4838,7,3,3.0,3,2.1,7
248,4854,1,3,3.0,3,2.1,1
249,4879,2,3,3.0,3,2.1,2
250,4880,8,3,3.0,3,2.1,8
251,4929,3,4,2.0,3,2.1,3
252,4951,2,3,3.0,3,2.1,2
253,4956,7,3,3.0,3,2.1,7
254,4974,3,3,3.0,3,2.1,3
255,4981,6,5,1.0,3,2.1,6
256,4992,7,3,3.0,3,2.1,7
257,5024,4,3,3.0,3,2.1,4
258,5068,3,8,1.0,3,2.1,3
259,5075,3,4,2.0,3,2.1,3
260,5082,1,3,3.0,3,2.1,1
261,5108,7,3,3.0,3,2.1,7
262,5111,7,3,3.0,3,2.1,7
263,5124,4,3,3.0,3,2.1,4
264,5162,6,3,3.0,3,2.1,6
265,5163,7,3,3.0,3,2.1,7
266,5176,4,3,3.0,3,2.1,4
267,5185,8,3,3.0,3,2.1,8
268,5189,8,4,2.0,3,2.1,8
269,5190,2,3,3.0,3,2.1,2
270,5210,8,5,1.0,3,2.1,8
271,5267,2,3,3.0,3,2.1,2
272,5328,1,3,3.0,3,2.1,1
273,5340,5,4,2.0,3,2.1,5
274,5347,3,3,3.0,3,2.1,3
275,5351,1,3,3.0,3,2.1,1
276,5419,3,3,3.0,3,2.1,3
277,5435,8,3,3.0,3,2.1,8
278,5446,5,4,2.0,3,2.1,5
279,5489,5,4,2.0,3,2.1,5
280,5500,1,3,3.0,3,2.1,1
281,5606,2,3,3.0,3,2.1,2
282,5636,3,3,3.0,3,2.1,3
283,5639,3,4,2.0,3,2.1,3
284,5649,4,3,3.0,3,2.1,8
285,5661,6,3,3.0,3,2.1,6
286,5666,6,3,3.0,3,2.1,6
287,5750,8,4,2.0,3,2.1,8
288,5756,6,3,3.0,3,2.1,6
289,5764,2,3,3.0,3,2.1,2
290,5794,6,3,3.0,3,2.1,6
291,5799,7,3,3.0,3,2.1,7
292,5803,9,3,3.0,3,2.1,5
293,5858,8,3,3.0,3,2.1,8
294,5862,7,4,2.0,3,2.1,7
295,5863,5,4,2.0,3,2.1,5
296,5888,0,3,3.0,3,2.1,7
297,5906,8,3,3.0,3,2.1,8
298,5910,6,3,3.0,3,2.1,6
299,5911,5,7,1.0,3,2.1,5
300,5929,6,3,3.0,3,2.1,6
301,5935,2,4,2.0,3,2.1,2
302,5936,3,4,2.0,3,2.1,3
303,5938,5,6,2.0,3,2.1,5
304,5946,3,3,3.0,3,2.1,3
305,5951,8,3,3.0,3,2.1,8
306,5958,5,5,2.0,3,2.1,5
307,5971,1,3,3.0,3,2.1,1
308,5976,4,3,3.0,3,2.1,4
309,5983,5,3,3.0,3,2.1,5
310,6013,1,3,3.0,3,2.1,1
311,6015,2,3,3.0,3,2.1,2
312,6074,1,3,3.0,3,2.1,1
313,6077,4,3,3.0,3,2.1,4
314,6105,6,3,3.0,3,2.1,6
315,6139,4,3,3.0,3,2.1,4
316,6190,8,3,3.0,3,2.1,8
317,6204,2,3,3.0,3,2.1,2
318,6208,6,3,3.0,3,2.1,6
319,6221,4,3,3.0,3,2.1,4
320,6269,4,3,3.0,3,2.1,4
321,6286,3,3,3.0,3,2.1,3
322,6315,5,7,1.0,3,2.1,5
323,6326,6,3,3.0,3,2.1,6
324,6351,6,3,3.0,3,2.1,6
325,6362,7,3,3.0,3,2.1,7
326,6371,3,3,3.0,3,2.1,3
327,6383,3,3,3.0,3,2.1,3
328,6396,8,3,3.0,3,2.1,8
329,6398,1,3,3.0,3,2.1,1
330,6403,6,7,1.0,3,2.1,6
331,6433,3,3,3.0,3,2.1,3
332,6436,8,3,3.0,3,2.1,8
333,6461,4,5,2.0,3,2.1,4
334,6468,8,3,3.0,3,2.1,8
335,6469,1,3,3.0,3,2.1,1
336,6536,3,3,3.0,3,2.1,3
337,6546,1,3,3.0,3,2.1,1
338,6562,7,5,1.0,3,2.1,7
339,6563,2,3,3.0,3,2.1,2
340,6570,9,11,1.0,3,2.1,3
341,6587,7,3,3.0,3,2.1,7
342,6604,8,4,2.0,3,2.1,8
343,6613,8,3,3.0,3,2.1,8
344,6635,1,3,3.0,3,2.1,1
345,6636,2,3,3.0,3,2.1,2
346,6642,8,5,2.0,3,2.1,8
347,6664,7,3,3.0,3,2.1,7
348,6817,8,3,3.0,3,2.1,8
349,6832,2,3,3.0,3,2.1,2
350,6923,6,3,3.0,3,2.1,6
351,6961,7,3,3.0,3,2.1,7
352,7002,2,3,3.0,3,2.1,2
353,7013,2,3,3.0,3,2.1,2
354,7028,8,3,3.0,3,2.1,8
355,7055,7,3,3.0,3,2.1,2
356,7078,5,3,3.0,3,2.1,5
357,7094,7,3,3.0,3,2.1,2
358,7116,2,3,3.0,3,2.1,2
359,7120,3,3,3.0,3,2.1,3
360,7131,3,3,3.0,3,2.1,3
361,7158,3,3,3.0,3,2.1,3
362,7161,5,3,3.0,3,2.1,5
363,7166,1,3,3.0,3,2.1,1
364,7185,2,3,3.0,3,2.1,2
365,7190,7,3,3.0,3,2.1,7
366,7192,1,3,3.0,3,2.1,1
367,7224,1,3,3.0,3,2.1,1
368,7233,1,3,3.0,3,2.1,1
369,7254,1,3,3.0,3,2.1,1
370,7336,6,3,3.0,3,2.1,6
371,7339,4,4,2.0,3,2.1,4
372,7359,6,3,3.0,3,2.1,6
373,7360,2,3,3.0,3,2.1,2
374,7362,4,3,3.0,3,2.1,4
375,7405,0,3,3.0,3,2.1,6
376,7406,1,3,3.0,3,2.1,1
377,7448,1,3,3.0,3,2.1,1
378,7519,2,3,3.0,3,2.1,2
379,7522,5,6,2.0,3,2.1,5
380,7542,5,3,3.0,3,2.1,5
381,7544,3,3,3.0,3,2.1,3
382,7579,5,3,3.0,3,2.1,5
383,7582,1,3,3.0,3,2.1,1
384,7606,7,3,3.0,3,2.1,7
385,7613,5,3,3.0,3,2.1,5
386,7649,7,3,3.0,3,2.1,7
387,7663,4,3,3.0,3,2.1,4
388,7671,6,3,3.0,3,2.1,6
389,7691,3,3,3.0,3,2.1,3
390,7717,2,3,3.0,3,2.1,2
391,7729,1,3,3.0,3,2.1,1
392,7732,4,3,3.0,3,2.1,4
393,7762,6,3,3.0,3,2.1,6
394,7773,2,3,3.0,3,2.1,2
395,7798,9,8,1.0,3,2.1,5
396,7822,3,3,3.0,3,2.1,3
397,7920,8,3,3.0,3,2.1,8
398,7940,6,3,3.0,3,2.1,6
399,7993,2,3,3.0,3,2.1,2
400,8005,1,3,3.0,3,2.1,1
401,8009,7,3,3.0,3,2.1,7
402,8042,6,3,3.0,3,2.1,6
403,8096,1,4,2.0,3,2.1,4
404,8104,1,3,3.0,3,2.1,6
405,8105,6,3,3.0,3,2.1,6
406,8204,7,3,3.0,3,2.1,7
407,8354,4,3,3.0,3,2.1,2
408,8391,1,3,3.0,3,2.1,1
409,8413,5,3,3.0,3,2.1,5
410,8430,3,4,2.0,3,2.1,3
411,8435,4,3,3.0,3,2.1,4
412,8450,1,3,3.0,3,2.1,1
413,8454,5,7,1.0,3,2.1,5
414,8465,6,3,3.0,3,2.1,6
415,8531,8,9,1.0,3,2.1,8
416,8560,1,3,3.0,3,2.1,1
417,8570,2,3,3.0,3,2.1,2
418,8579,5,7,1.0,3,2.1,5
419,8626,2,3,3.0,3,2.1,2
420,8663,4,3,3.0,3,2.1,4
421,8737,7,3,3.0,3,2.1,7
422,8741,1,3,3.0,3,2.1,1
423,8762,5,4,2.0,3,2.1,5
424,8810,1,3,3.0,3,2.1,1
425,8814,5,4,2.0,3,2.1,5
426,8830,4,3,3.0,3,2.1,4
427,8833,4,3,3.0,3,2.1,4
428,8871,2,3,3.0,3,2.1,2
429,8876,1,3,3.0,3,2.1,1
430,8888,1,3,3.0,3,2.1,1
431,8890,2,3,3.0,3,2.1,2
432,8892,7,3,3.0,3,2.1,7
433,8927,7,3,3.0,3,2.1,7
434,8931,1,3,3.0,3,2.1,1
435,8932,7,3,3.0,3,2.1,7
436,8947,3,3,3.0,3,2.1,3
437,8955,4,3,3.0,3,2.1,4
438,8985,7,3,3.0,3,2.1,7
439,9016,7,4,2.0,3,2.1,7
440,9019,2,3,3.0,3,2.1,2
441,9020,7,3,3.0,3,2.1,7
442,9047,2,3,3.0,3,2.1,2
443,9089,8,3,3.0,3,2.1,8
444,9103,4,3,3.0,3,2.1,4
445,9104,4,3,3.0,3,2.1,4
446,9107,3,3,3.0,3,2.1,3
447,9127,8,3,3.0,3,2.1,8
448,9147,6,3,3.0,3,2.1,6
449,9174,8,4,2.0,3,2.1,8
450,9203,3,3,3.0,3,2.1,3
451,9290,5,5,2.0,3,2.1,5
452,9291,5,3,3.0,3,2.1,5
453,9349,1,3,3.0,3,2.1,1
454,9371,3,3,3.0,3,2.1,3
455,9380,2,3,3.0,3,2.1,2
456,9390,2,3,3.0,3,2.1,2
457,9480,3,4,2.0,3,2.1,3
458,9504,5,3,3.0,3,2.1,5
459,9567,7,3,3.0,3,2.1,7
460,9575,8,3,3.0,3,2.1,8
461,9618,6,3,3.0,3,2.1,6
462,9623,1,3,3.0,3,2.1,1
463,9628,6,3,3.0,3,2.1,6
464,9640,4,6,1.0,3,2.1,4
465,9708,3,3,3.0,3,2.1,3
466,9723,8,7,1.0,3,2.1,8
467,9763,3,6,2.0,3,2.1,3
468,9776,6,3,3.0,3,2.1,6
469,9780,2,4,2.0,3,2.1,2
470,9789,7,3,3.0,3,2.1,7
471,9800,1,3,3.0,3,2.1,1
472,9828,8,3,3.0,3,2.1,8
473,9864,8,3,3.0,3,2.1,8
474,9870,7,3,3.0,3,2.1,7
475,9896,7,3,3.0,3,2.1,7
476,9906,7,4,2.0,3,2.1,3
477,9922,6,3,3.0,3,2.1,6
478,9942,5,4,2.0,3,2.1,5
479,9990,6,3,3.0,3,2.1,6
480,9,6,7,1.0,3,2.9,5
481,33,3,3,3.0,3,2.9,3
482,45,3,5,2.0,3,2.9,3
483,48,2,4,2.0,3,2.9,2
484,95,1,3,3.0,3,2.9,1
485,112,7,5,1.0,3,2.9,7
486,147,8,3,3.0,3,2.9,8
487,150,4,6,2.0,3,2.9,2
488,168,5,4,2.0,3,2.9,5
489,181,1,3,3.0,3,2.9,1
490,211,4,3,3.0,3,2.9,4
491,277,1,3,3.0,3,2.9,1
492,291,5,5,2.0,3,2.9,8
493,322,7,4,2.0,3,2.9,2
494,339,8,4,2.0,3,2.9,8
495,341,4,8,1.0,3,2.9,5
496,374,8,3,3.0,3,2.9,8
497,382,7,5,1.0,3,2.9,3
498,413,3,7,1.0,3,2.9,5
499,445,2,3,3.0,3,2.9,2
500,446,0,4,2.0,3,2.9,6
501,447,6,3,3.0,3,2.9,6
502,465,7,3,3.0,3,2.9,3
503,500,6,5,2.0,3,2.9,6
504,517,2,3,3.0,3,2.9,2
505,554,6,3,3.0,3,2.9,8
506,583,1,3,3.0,3,2.9,8
507,615,3,6,1.0,3,2.9,3
508,626,6,5,1.0,3,2.9,6
509,638,3,3,3.0,3,2.9,3
510,660,1,3,3.0,3,2.9,2
511,668,7,5,1.0,3,2.9,7
512,685,7,3,3.0,3,2.9,7
513,721,6,4,2.0,3,2.9,5
514,741,4,4,2.0,3,2.9,4
515,753,4,3,3.0,3,2.9,4
516,766,4,3,3.0,3,2.9,4
517,803,4,3,3.0,3,2.9,4
518,821,6,3,3.0,3,2.9,6
519,839,4,3,3.0,3,2.9,4
520,845,8,4,2.0,3,2.9,8
521,892,2,3,3.0,3,2.9,2
522,938,6,3,3.0,3,2.9,6
523,942,7,3,3.0,3,2.9,7
524,953,6,3,3.0,3,2.9,6
525,957,4,6,2.0,3,2.9,1
526,970,4,4,2.0,3,2.9,4
527,972,4,3,3.0,3,2.9,4
528,984,8,4,2.0,3,2.9,8
529,990,6,3,3.0,3,2.9,6
530,1008,8,4,2.0,3,2.9,8
531,1040,1,5,1.0,3,2.9,7
532,1044,4,3,3.0,3,2.9,4
533,1050,2,3,3.0,3,2.9,2
534,1051,1,8,1.0,3,2.9,2
535,1057,2,5,2.0,3,2.9,2
536,1079,4,3,3.0,3,2.9,4
537,1114,5,3,3.0,3,2.9,5
538,1115,3,5,1.0,3,2.9,3
539,1116,9,3,3.0,3,2.9,5
540,1129,3,3,3.0,3,2.9,3
541,1159,4,3,3.0,3,2.9,4
542,1200,6,3,3.0,3,2.9,6
543,1243,1,4,2.0,3,2.9,4
544,1249,8,6,2.0,3,2.9,8
545,1251,6,5,1.0,3,2.9,6
546,1264,4,3,3.0,3,2.9,4
547,1368,3,3,3.0,3,2.9,3
548,1374,6,3,3.0,3,2.9,6
549,1377,5,4,2.0,3,2.9,5
550,1394,3,9,1.0,3,2.9,5
551,1411,2,3,3.0,3,2.9,2
552,1421,6,3,3.0,3,2.9,6
553,1445,4,5,2.0,3,2.9,6
554,1454,4,3,3.0,3,2.9,4
555,1504,3,3,3.0,3,2.9,3
556,1510,4,3,3.0,3,2.9,4
557,1523,1,3,3.0,3,2.9,7
558,1528,4,4,2.0,3,2.9,1
559,1531,3,7,1.0,3,2.9,8
560,1580,6,3,3.0,3,2.9,6
561,1582,7,4,2.0,3,2.9,7
562,1583,1,3,3.0,3,2.9,1
563,1626,4,3,3.0,3,2.9,4
564,1635,4,5,2.0,3,2.9,4
565,1672,7,3,3.0,3,2.9,7
566,1678,5,4,2.0,3,2.9,5
567,1681,4,3,3.0,3,2.9,4
568,1695,3,6,2.0,3,2.9,8
569,1728,3,3,3.0,3,2.9,3
570,1730,1,3,3.0,3,2.9,1
571,1768,4,3,3.0,3,2.9,4
572,1805,3,3,3.0,3,2.9,3
573,1820,6,4,2.0,3,2.9,6
574,1835,1,3,3.0,3,2.9,1
575,1841,3,3,3.0,3,2.9,3
576,1851,8,4,2.0,3,2.9,8
577,1866,1,4,2.0,3,2.9,4
578,1872,2,6,1.0,3,2.9,2
579,1880,5,4,2.0,3,2.9,5
580,1894,8,4,2.0,3,2.9,8
581,1927,3,3,3.0,3,2.9,3
582,1934,7,4,2.0,3,2.9,7
583,1940,1,3,3.0,3,2.9,1
584,1950,7,3,3.0,3,2.9,7
585,1961,8,3,3.0,3,2.9,8
586,1969,8,5,2.0,3,2.9,8
587,1986,4,3,3.0,3,2.9,4
588,2018,1,3,3.0,3,2.9,1
589,2035,1,3,3.0,3,2.9,1
590,2036,3,3,3.0,3,2.9,5
591,2038,5,3,3.0,3,2.9,5
592,2041,5,8,1.0,3,2.9,5
593,2083,2,3,3.0,3,2.9,2
594,2091,1,5,1.0,3,2.9,4
595,2099,2,7,1.0,3,2.9,2
596,2116,7,3,3.0,3,2.9,7
597,2144,7,3,3.0,3,2.9,7
598,2150,8,3,3.0,3,2.9,8
599,2174,4,3,3.0,3,2.9,4
600,2207,4,3,3.0,3,2.9,4
601,2220,8,3,3.0,3,2.9,8
602,2235,7,3,3.0,3,2.9,7
603,2267,4,5,2.0,3,2.9,1
604,2272,8,3,3.0,3,2.9,8
605,2274,1,3,3.0,3,2.9,1
606,2289,3,4,2.0,3,2.9,3
607,2323,5,5,2.0,3,2.9,5
608,2345,7,3,3.0,3,2.9,7
609,2348,3,3,3.0,3,2.9,3
610,2373,7,5,1.0,3,2.9,7
611,2395,4,3,3.0,3,2.9,4
612,2424,8,3,3.0,3,2.9,8
613,2448,4,3,3.0,3,2.9,4
614,2458,4,5,1.0,3,2.9,4
615,2475,7,3,3.0,3,2.9,7
616,2489,1,3,3.0,3,2.9,2
617,2501,2,4,2.0,3,2.9,2
618,2522,7,3,3.0,3,2.9,7
619,2531,4,3,3.0,3,2.9,4
620,2535,3,3,3.0,3,2.9,3
621,2536,6,5,2.0,3,2.9,6
622,2540,7,3,3.0,3,2.9,7
623,2544,8,6,1.0,3,2.9,8
624,2585,8,4,2.0,3,2.9,8
625,2655,1,4,2.0,3,2.9,6
626,2691,3,4,2.0,3,2.9,3
627,2696,7,3,3.0,3,2.9,7
628,2737,7,3,3.0,3,2.9,7
629,2835,8,4,2.0,3,2.9,8
630,2847,6,3,3.0,3,2.9,6
631,2890,4,3,3.0,3,2.9,4
632,2898,8,3,3.0,3,2.9,8
633,2970,5,8,1.0,3,2.9,5
634,2992,3,3,3.0,3,2.9,3
635,2998,1,3,3.0,3,2.9,1
636,3028,1,3,3.0,3,2.9,1
637,3037,6,4,2.0,3,2.9,6
638,3048,2,4,2.0,3,2.9,2
639,3059,6,3,3.0,3,2.9,6
640,3063,8,7,1.0,3,2.9,8
641,3069,8,3,3.0,3,2.9,8
642,3074,4,7,1.0,3,2.9,1
643,3116,5,8,1.0,3,2.9,5
644,3170,4,3,3.0,3,2.9,4
645,3177,2,3,3.0,3,2.9,2
646,3181,2,3,3.0,3,2.9,2
647,3255,6,3,3.0,3,2.9,6
648,3310,7,3,3.0,3,2.9,7
649,3329,7,3,3.0,3,2.9,7
650,3331,2,5,1.0,3,2.9,2
651,3334,7,3,3.0,3,2.9,7
652,3337,7,6,1.0,3,2.9,5
653,3375,8,3,3.0,3,2.9,8
654,3377,1,4,2.0,3,2.9,7
655,3432,4,3,3.0,3,2.9,4
656,3463,5,3,3.0,3,2.9,5
657,3466,4,3,3.0,3,2.9,4
658,3521,4,4,2.0,3,2.9,6
659,3544,4,3,3.0,3,2.9,4
660,3558,6,3,3.0,3,2.9,6
661,3559,0,3,3.0,3,2.9,5
662,3587,1,3,3.0,3,2.9,1
663,3599,1,4,2.0,3,2.9,1
664,3656,2,3,3.0,3,2.9,2
665,3693,7,3,3.0,3,2.9,7
666,3720,7,3,3.0,3,2.9,7
667,3728,0,4,2.0,3,2.9,8
668,3732,2,3,3.0,3,2.9,2
669,3747,3,3,3.0,3,2.9,3
670,3759,4,3,3.0,3,2.9,4
671,3768,7,6,1.0,3,2.9,7
672,3770,7,4,2.0,3,2.9,3
673,3777,3,5,2.0,3,2.9,5
674,3859,1,3,3.0,3,2.9,1
675,3895,1,3,3.0,3,2.9,1
676,3920,1,3,3.0,3,2.9,1
677,3929,0,7,2.0,3,2.9,5
678,3947,1,5,1.0,3,2.9,2
679,3970,7,3,3.0,3,2.9,7
680,4013,4,3,3.0,3,2.9,4
681,4014,1,4,2.0,3,2.9,1
682,4020,6,7,1.0,3,2.9,6
683,4027,3,3,3.0,3,2.9,3
684,4032,9,12,1.0,3,2.9,5
685,4047,4,3,3.0,3,2.9,4
686,4055,3,8,1.0,3,2.9,5
687,4085,3,3,3.0,3,2.9,3
688,4087,8,3,3.0,3,2.9,8
689,4093,0,4,2.0,3,2.9,8
690,4105,1,3,3.0,3,2.9,1
691,4129,3,3,3.0,3,2.9,3
692,4191,1,3,3.0,3,2.9,1
693,4234,5,3,3.0,3,2.9,5
694,4239,7,4,2.0,3,2.9,7
695,4240,6,3,3.0,3,2.9,6
696,4264,3,4,2.0,3,2.9,5
697,4298,7,3,3.0,3,2.9,7
698,4306,8,8,1.0,3,2.9,8
699,4307,7,4,2.0,3,2.9,3
700,4316,9,5,2.0,3,2.9,5
701,4318,0,7,2.0,3,2.9,3
702,4337,6,3,3.0,3,2.9,6
703,4356,3,5,2.0,3,2.9,5
704,4375,9,4,2.0,3,2.9,5
705,4394,3,3,3.0,3,2.9,3
706,4397,4,3,3.0,3,2.9,4
707,4417,6,3,3.0,3,2.9,6
708,4436,7,4,2.0,3,2.9,3
709,4441,3,3,3.0,3,2.9,5
710,4493,3,3,3.0,3,2.9,3
711,4507,2,3,3.0,3,2.9,2
712,4511,2,3,3.0,3,2.9,2
713,4607,1,3,3.0,3,2.9,1
714,4608,6,3,3.0,3,2.9,6
715,4616,4,3,3.0,3,2.9,2
716,4697,3,6,1.0,3,2.9,5
717,4699,6,7,1.0,3,2.9,6
718,4723,5,3,3.0,3,2.9,5
719,4732,1,5,1.0,3,2.9,8
720,4733,1,3,3.0,3,2.9,1
721,4734,1,3,3.0,3,2.9,1
722,4750,9,3,3.0,3,2.9,5
723,4752,4,3,3.0,3,2.9,4
724,4767,0,7,1.0,3,2.9,5
725,4780,6,3,3.0,3,2.9,6
726,4802,4,4,2.0,3,2.9,2
727,4838,1,6,1.0,3,2.9,7
728,4854,1,3,3.0,3,2.9,1
729,4879,2,3,3.0,3,2.9,2
730,4880,8,3,3.0,3,2.9,8
731,4929,3,3,3.0,3,2.9,3
732,4951,2,3,3.0,3,2.9,2
733,4956,7,3,3.0,3,2.9,7
734,4974,3,3,3.0,3,2.9,3
735,4981,6,3,3.0,3,2.9,6
736,4992,7,3,3.0,3,2.9,7
737,5024,4,3,3.0,3,2.9,4
738,5068,9,5,2.0,3,2.9,3
739,5075,3,4,2.0,3,2.9,3
740,5082,1,3,3.0,3,2.9,1
741,5108,7,3,3.0,3,2.9,7
742,5111,7,3,3.0,3,2.9,7
743,5124,4,3,3.0,3,2.9,4
744,5162,6,3,3.0,3,2.9,6
745,5163,7,3,3.0,3,2.9,7
746,5176,4,3,3.0,3,2.9,4
747,5185,8,5,2.0,3,2.9,8
748,5189,8,3,3.0,3,2.9,8
749,5190,2,3,3.0,3,2.9,2
750,5210,4,7,1.0,3,2.9,8
751,5267,2,3,3.0,3,2.9,2
752,5328,1,3,3.0,3,2.9,1
753,5340,5,4,2.0,3,2.9,5
754,5347,3,3,3.0,3,2.9,3
755,5351,1,3,3.0,3,2.9,1
756,5419,3,5,2.0,3,2.9,3
757,5435,8,4,2.0,3,2.9,8
758,5446,5,6,1.0,3,2.9,5
759,5489,5,6,1.0,3,2.9,5
760,5500,1,3,3.0,3,2.9,1
761,5606,2,4,2.0,3,2.9,2
762,5636,3,3,3.0,3,2.9,3
763,5639,3,3,3.0,3,2.9,3
764,5649,4,4,2.0,3,2.9,8
765,5661,6,3,3.0,3,2.9,6
766,5666,6,3,3.0,3,2.9,6
767,5750,8,4,2.0,3,2.9,8
768,5756,6,3,3.0,3,2.9,6
769,5764,2,3,3.0,3,2.9,2
770,5794,6,3,3.0,3,2.9,6
771,5799,7,3,3.0,3,2.9,7
772,5803,8,6,1.0,3,2.9,5
773,5858,8,6,1.0,3,2.9,8
774,5862,7,3,3.0,3,2.9,7
775,5863,5,6,2.0,3,2.9,5
776,5888,0,3,3.0,3,2.9,7
777,5906,8,3,3.0,3,2.9,8
778,5910,6,4,2.0,3,2.9,6
779,5911,5,6,2.0,3,2.9,5
780,5929,6,3,3.0,3,2.9,6
781,5935,4,4,2.0,3,2.9,2
782,5936,3,4,2.0,3,2.9,3
783,5938,3,3,3.0,3,2.9,5
784,5946,3,3,3.0,3,2.9,3
785,5951,8,4,2.0,3,2.9,8
786,5958,9,6,1.0,3,2.9,5
787,5971,1,3,3.0,3,2.9,1
788,5976,4,3,3.0,3,2.9,4
789,5983,3,5,1.0,3,2.9,5
790,6013,1,3,3.0,3,2.9,1
791,6015,2,3,3.0,3,2.9,2
792,6074,1,3,3.0,3,2.9,1
793,6077,4,3,3.0,3,2.9,4
794,6105,6,3,3.0,3,2.9,6
795,6139,4,3,3.0,3,2.9,4
796,6190,8,4,2.0,3,2.9,8
797,6204,2,4,2.0,3,2.9,2
798,6208,6,3,3.0,3,2.9,6
799,6221,4,3,3.0,3,2.9,4
800,6269,4,3,3.0,3,2.9,4
801,6286,3,3,3.0,3,2.9,3
802,6315,3,4,2.0,3,2.9,5
803,6326,6,3,3.0,3,2.9,6
804,6351,6,3,3.0,3,2.9,6
805,6362,7,3,3.0,3,2.9,7
806,6371,3,3,3.0,3,2.9,3
807,6383,3,3,3.0,3,2.9,3
808,6396,8,3,3.0,3,2.9,8
809,6398,1,4,2.0,3,2.9,1
810,6403,4,6,1.0,3,2.9,6
811,6433,3,5,1.0,3,2.9,3
812,6436,8,3,3.0,3,2.9,8
813,6461,4,5,1.0,3,2.9,4
814,6468,8,6,2.0,3,2.9,8
815,6469,1,3,3.0,3,2.9,1
816,6536,3,4,2.0,3,2.9,3
817,6546,1,3,3.0,3,2.9,1
818,6562,7,3,3.0,3,2.9,7
819,6563,4,4,2.0,3,2.9,2
820,6570,4,7,1.0,3,2.9,3
821,6587,7,3,3.0,3,2.9,7
822,6604,3,5,2.0,3,2.9,8
823,6613,7,7,2.0,3,2.9,8
824,6635,1,3,3.0,3,2.9,1
825,6636,2,3,3.0,3,2.9,2
826,6642,8,3,3.0,3,2.9,8
827,6664,7,3,3.0,3,2.9,7
828,6817,8,3,3.0,3,2.9,8
829,6832,2,3,3.0,3,2.9,2
830,6923,6,3,3.0,3,2.9,6
831,6961,7,3,3.0,3,2.9,7
832,7002,2,3,3.0,3,2.9,2
833,7013,2,3,3.0,3,2.9,2
834,7028,8,3,3.0,3,2.9,8
835,7055,7,4,2.0,3,2.9,2
836,7078,5,3,3.0,3,2.9,5
837,7094,7,4,2.0,3,2.9,2
838,7116,2,5,1.0,3,2.9,2
839,7120,3,3,3.0,3,2.9,3
840,7131,3,3,3.0,3,2.9,3
841,7158,3,3,3.0,3,2.9,3
842,7161,5,4,2.0,3,2.9,5
843,7166,1,3,3.0,3,2.9,1
844,7185,2,3,3.0,3,2.9,2
845,7190,7,3,3.0,3,2.9,7
846,7192,1,3,3.0,3,2.9,1
847,7224,1,4,2.0,3,2.9,1
848,7233,1,3,3.0,3,2.9,1
849,7254,1,3,3.0,3,2.9,1
850,7336,4,5,1.0,3,2.9,6
851,7339,4,3,3.0,3,2.9,4
852,7359,6,3,3.0,3,2.9,6
853,7360,2,3,3.0,3,2.9,2
854,7362,4,3,3.0,3,2.9,4
855,7405,0,3,3.0,3,2.9,6
856,7406,1,3,3.0,3,2.9,1
857,7448,1,3,3.0,3,2.9,1
858,7519,2,3,3.0,3,2.9,2
859,7522,5,3,3.0,3,2.9,5
860,7542,5,8,1.0,3,2.9,5
861,7544,3,3,3.0,3,2.9,3
862,7579,9,4,2.0,3,2.9,5
863,7582,1,3,3.0,3,2.9,1
864,7606,7,3,3.0,3,2.9,7
865,7613,6,3,3.0,3,2.9,5
866,7649,7,3,3.0,3,2.9,7
867,7663,4,3,3.0,3,2.9,4
868,7671,6,3,3.0,3,2.9,6
869,7691,3,3,3.0,3,2.9,3
870,7717,2,3,3.0,3,2.9,2
871,7729,1,4,2.0,3,2.9,1
872,7732,4,3,3.0,3,2.9,4
873,7762,6,3,3.0,3,2.9,6
874,7773,2,3,3.0,3,2.9,2
875,7798,9,6,2.0,3,2.9,5
876,7822,3,5,1.0,3,2.9,3
877,7920,8,5,2.0,3,2.9,8
878,7940,6,3,3.0,3,2.9,6
879,7993,2,3,3.0,3,2.9,2
880,8005,1,3,3.0,3,2.9,1
881,8009,7,3,3.0,3,2.9,7
882,8042,6,3,3.0,3,2.9,6
883,8096,1,3,3.0,3,2.9,4
884,8104,6,4,2.0,3,2.9,6
885,8105,1,4,2.0,3,2.9,6
886,8204,7,3,3.0,3,2.9,7
887,8354,9,5,1.0,3,2.9,2
888,8391,1,3,3.0,3,2.9,1
889,8413,9,5,1.0,3,2.9,5
890,8430,3,3,3.0,3,2.9,3
891,8435,4,3,3.0,3,2.9,4
892,8450,1,3,3.0,3,2.9,1
893,8454,5,4,2.0,3,2.9,5
894,8465,6,3,3.0,3,2.9,6
895,8531,8,4,2.0,3,2.9,8
896,8560,1,3,3.0,3,2.9,1
897,8570,2,3,3.0,3,2.9,2
898,8579,9,4,2.0,3,2.9,5
899,8626,2,3,3.0,3,2.9,2
900,8663,4,3,3.0,3,2.9,4
901,8737,7,3,3.0,3,2.9,7
902,8741,1,3,3.0,3,2.9,1
903,8762,5,5,2.0,3,2.9,5
904,8810,1,3,3.0,3,2.9,1
905,8814,5,3,3.0,3,2.9,5
906,8830,4,3,3.0,3,2.9,4
907,8833,4,3,3.0,3,2.9,4
908,8871,2,4,2.0,3,2.9,2
909,8876,1,3,3.0,3,2.9,1
910,8888,1,3,3.0,3,2.9,1
911,8890,2,4,2.0,3,2.9,2
912,8892,7,3,3.0,3,2.9,7
913,8927,7,3,3.0,3,2.9,7
914,8931,1,3,3.0,3,2.9,1
915,8932,7,3,3.0,3,2.9,7
916,8947,3,3,3.0,3,2.9,3
917,8955,4,3,3.0,3,2.9,4
918,8985,7,3,3.0,3,2.9,7
919,9016,7,3,3.0,3,2.9,7
920,9019,2,4,2.0,3,2.9,2
921,9020,7,4,2.0,3,2.9,7
922,9047,2,3,3.0,3,2.9,2
923,9089,8,3,3.0,3,2.9,8
924,9103,4,3,3.0,3,2.9,4
925,9104,4,3,3.0,3,2.9,4
926,9107,3,3,3.0,3,2.9,3
927,9127,8,3,3.0,3,2.9,8
928,9147,6,3,3.0,3,2.9,6
929,9174,8,5,1.0,3,2.9,8
930,9203,3,3,3.0,3,2.9,3
931,9290,5,4,2.0,3,2.9,5
932,9291,5,4,2.0,3,2.9,5
933,9349,1,3,3.0,3,2.9,1
934,9371,3,3,3.0,3,2.9,3
935,9380,2,3,3.0,3,2.9,2
936,9390,2,3,3.0,3,2.9,2
937,9480,3,3,3.0,3,2.9,3
938,9504,5,3,3.0,3,2.9,5
939,9567,7,3,3.0,3,2.9,7
940,9575,8,3,3.0,3,2.9,8
941,9618,6,4,2.0,3,2.9,6
942,9623,1,3,3.0,3,2.9,1
943,9628,6,4,2.0,3,2.9,6
944,9640,4,4,2.0,3,2.9,4
945,9708,3,3,3.0,3,2.9,3
946,9723,8,9,1.0,3,2.9,8
947,9763,8,7,1.0,3,2.9,3
948,9776,6,3,3.0,3,2.9,6
949,9780,2,4,2.0,3,2.9,2
950,9789,7,3,3.0,3,2.9,7
951,9800,1,3,3.0,3,2.9,1
952,9828,8,3,3.0,3,2.9,8
953,9864,0,5,2.0,3,2.9,8
954,9870,7,3,3.0,3,2.9,7
955,9896,7,3,3.0,3,2.9,7
956,9906,7,3,3.0,3,2.9,3
957,9922,6,3,3.0,3,2.9,6
958,9942,8,7,1.0,3,2.9,5
959,9990,6,3,3.0,3,2.9,6
960,9,6,11,3.0,5,2.1,5
961,33,3,5,5.0,5,2.1,3
962,45,3,6,4.0,5,2.1,3
963,48,2,5,5.0,5,2.1,2
964,95,1,5,5.0,5,2.1,1
965,112,7,6,4.0,5,2.1,7
966,147,8,5,5.0,5,2.1,8
967,150,2,7,4.0,5,2.1,2
968,168,5,5,5.0,5,2.1,5
969,181,1,5,5.0,5,2.1,1
970,211,4,5,5.0,5,2.1,4
971,277,1,5,5.0,5,2.1,1
972,291,5,11,1.0,5,2.1,8
973,322,7,8,2.0,5,2.1,2
974,339,8,5,5.0,5,2.1,8
975,341,5,8,3.0,5,2.1,5
976,374,8,5,5.0,5,2.1,8
977,382,3,7,4.0,5,2.1,3
978,413,5,8,3.0,5,2.1,5
979,445,2,5,5.0,5,2.1,2
980,446,0,8,3.0,5,2.1,6
981,447,6,5,5.0,5,2.1,6
982,465,3,5,5.0,5,2.1,3
983,500,6,5,5.0,5,2.1,6
984,517,2,8,2.0,5,2.1,2
985,554,8,9,2.0,5,2.1,8
986,583,1,8,4.0,5,2.1,8
987,615,3,6,4.0,5,2.1,3
988,626,6,9,1.0,5,2.1,6
989,638,3,7,4.0,5,2.1,3
990,660,1,7,4.0,5,2.1,2
991,668,7,7,3.0,5,2.1,7
992,685,7,5,5.0,5,2.1,7
993,721,6,11,2.0,5,2.1,5
994,741,9,8,2.0,5,2.1,4
995,753,4,5,5.0,5,2.1,4
996,766,4,5,5.0,5,2.1,4
997,803,4,6,4.0,5,2.1,4
998,821,6,5,5.0,5,2.1,6
999,839,4,5,5.0,5,2.1,4
1000,845,8,8,2.0,5,2.1,8
1001,892,2,5,5.0,5,2.1,2
1002,938,6,5,5.0,5,2.1,6
1003,942,7,5,5.0,5,2.1,7
1004,953,6,5,5.0,5,2.1,6
1005,957,5,11,3.0,5,2.1,1
1006,970,4,5,5.0,5,2.1,4
1007,972,4,5,5.0,5,2.1,4
1008,984,8,6,4.0,5,2.1,8
1009,990,6,5,5.0,5,2.1,6
1010,1008,8,5,5.0,5,2.1,8
1011,1040,4,12,1.0,5,2.1,7
1012,1044,4,5,5.0,5,2.1,4
1013,1050,2,5,5.0,5,2.1,2
1014,1051,2,13,3.0,5,2.1,2
1015,1057,2,5,5.0,5,2.1,2
1016,1079,4,5,5.0,5,2.1,4
1017,1114,5,5,5.0,5,2.1,5
1018,1115,3,6,4.0,5,2.1,3
1019,1116,5,6,4.0,5,2.1,5
1020,1129,3,5,5.0,5,2.1,3
1021,1159,4,5,5.0,5,2.1,4
1022,1200,6,5,5.0,5,2.1,6
1023,1243,4,8,2.0,5,2.1,4
1024,1249,8,8,3.0,5,2.1,8
1025,1251,6,8,2.0,5,2.1,6
1026,1264,4,8,2.0,5,2.1,4
1027,1368,3,5,5.0,5,2.1,3
1028,1374,6,5,5.0,5,2.1,6
1029,1377,5,6,4.0,5,2.1,5
1030,1394,3,5,5.0,5,2.1,5
1031,1411,2,5,5.0,5,2.1,2
1032,1421,6,5,5.0,5,2.1,6
1033,1445,6,11,1.0,5,2.1,6
1034,1454,4,5,5.0,5,2.1,4
1035,1504,3,5,5.0,5,2.1,3
1036,1510,4,5,5.0,5,2.1,4
1037,1523,1,9,1.0,5,2.1,7
1038,1528,4,10,2.0,5,2.1,1
1039,1531,7,10,2.0,5,2.1,8
1040,1580,6,5,5.0,5,2.1,6
1041,1582,7,7,4.0,5,2.1,7
1042,1583,1,5,5.0,5,2.1,1
1043,1626,4,5,5.0,5,2.1,4
1044,1635,4,5,5.0,5,2.1,4
1045,1672,7,5,5.0,5,2.1,7
1046,1678,5,7,4.0,5,2.1,5
1047,1681,4,5,5.0,5,2.1,4
1048,1695,8,5,5.0,5,2.1,8
1049,1728,3,5,5.0,5,2.1,3
1050,1730,1,5,5.0,5,2.1,1
1051,1768,4,5,5.0,5,2.1,4
1052,1805,3,5,5.0,5,2.1,3
1053,1820,6,5,5.0,5,2.1,6
1054,1835,1,5,5.0,5,2.1,1
1055,1841,3,5,5.0,5,2.1,3
1056,1851,8,5,5.0,5,2.1,8
1057,1866,1,9,3.0,5,2.1,4
1058,1872,2,6,4.0,5,2.1,2
1059,1880,5,10,1.0,5,2.1,5
1060,1894,8,6,4.0,5,2.1,8
1061,1927,3,5,5.0,5,2.1,3
1062,1934,7,6,4.0,5,2.1,7
1063,1940,1,5,5.0,5,2.1,1
1064,1950,7,5,5.0,5,2.1,7
1065,1961,8,5,5.0,5,2.1,8
1066,1969,8,6,4.0,5,2.1,8
1067,1986,4,5,5.0,5,2.1,4
1068,2018,1,5,5.0,5,2.1,1
1069,2035,1,5,5.0,5,2.1,1
1070,2036,3,5,5.0,5,2.1,5
1071,2038,5,5,5.0,5,2.1,5
1072,2041,5,11,2.0,5,2.1,5
1073,2083,2,5,5.0,5,2.1,2
1074,2091,4,5,5.0,5,2.1,4
1075,2099,0,5,5.0,5,2.1,2
1076,2116,7,5,5.0,5,2.1,7
1077,2144,7,5,5.0,5,2.1,7
1078,2150,8,5,5.0,5,2.1,8
1079,2174,4,5,5.0,5,2.1,4
1080,2207,4,5,5.0,5,2.1,4
1081,2220,8,5,5.0,5,2.1,8
1082,2235,7,5,5.0,5,2.1,7
1083,2267,5,11,1.0,5,2.1,1
1084,2272,8,5,5.0,5,2.1,8
1085,2274,1,5,5.0,5,2.1,1
1086,2289,3,6,4.0,5,2.1,3
1087,2323,5,6,4.0,5,2.1,5
1088,2345,7,5,5.0,5,2.1,7
1089,2348,3,5,5.0,5,2.1,3
1090,2373,7,5,5.0,5,2.1,7
1091,2395,4,5,5.0,5,2.1,4
1092,2424,8,5,5.0,5,2.1,8
1093,2448,4,7,3.0,5,2.1,4
1094,2458,4,5,5.0,5,2.1,4
1095,2475,7,5,5.0,5,2.1,7
1096,2489,1,6,4.0,5,2.1,2
1097,2501,2,5,5.0,5,2.1,2
1098,2522,7,5,5.0,5,2.1,7
1099,2531,4,5,5.0,5,2.1,4
1100,2535,3,5,5.0,5,2.1,3
1101,2536,6,7,3.0,5,2.1,6
1102,2540,7,5,5.0,5,2.1,7
1103,2544,8,11,2.2238857746124268,5,2.1,8
1104,2585,8,5,5.0,5,2.1,8
1105,2655,1,6,4.0,5,2.1,6
1106,2691,3,5,5.0,5,2.1,3
1107,2696,7,5,5.0,5,2.1,7
1108,2737,7,5,5.0,5,2.1,7
1109,2835,8,7,4.0,5,2.1,8
1110,2847,6,5,5.0,5,2.1,6
1111,2890,4,5,5.0,5,2.1,4
1112,2898,8,5,5.0,5,2.1,8
1113,2970,5,5,5.0,5,2.1,5
1114,2992,3,5,5.0,5,2.1,3
1115,2998,1,5,5.0,5,2.1,1
1116,3028,1,5,5.0,5,2.1,1
1117,3037,6,5,5.0,5,2.1,6
1118,3048,2,5,5.0,5,2.1,2
1119,3059,6,6,4.0,5,2.1,6
1120,3063,3,8,3.0,5,2.1,8
1121,3069,8,5,5.0,5,2.1,8
1122,3074,3,11,3.0,5,2.1,1
1123,3116,5,9,3.0,5,2.1,5
1124,3170,4,5,5.0,5,2.1,4
1125,3177,2,5,5.0,5,2.1,2
1126,3181,2,5,5.0,5,2.1,2
1127,3255,0,7,3.0,5,2.1,6
1128,3310,7,5,5.0,5,2.1,7
1129,3329,7,5,5.0,5,2.1,7
1130,3331,2,6,4.0,5,2.1,2
1131,3334,7,5,5.0,5,2.1,7
1132,3337,9,8,2.0,5,2.1,5
1133,3375,8,5,5.0,5,2.1,8
1134,3377,7,8,2.0,5,2.1,7
1135,3432,4,5,5.0,5,2.1,4
1136,3463,5,6,4.0,5,2.1,5
1137,3466,4,6,4.0,5,2.1,4
1138,3521,4,5,5.0,5,2.1,6
1139,3544,4,5,5.0,5,2.1,4
1140,3558,6,5,5.0,5,2.1,6
1141,3559,0,9,3.0,5,2.1,5
1142,3587,1,5,5.0,5,2.1,1
1143,3599,1,6,4.0,5,2.1,1
1144,3656,2,5,5.0,5,2.1,2
1145,3693,7,5,5.0,5,2.1,7
1146,3720,7,5,5.0,5,2.1,7
1147,3728,0,15,1.0,5,2.1,8
1148,3732,2,5,5.0,5,2.1,2
1149,3747,3,5,5.0,5,2.1,3
1150,3759,4,5,5.0,5,2.1,4
1151,3768,2,9,1.0,5,2.1,7
1152,3770,3,7,3.0,5,2.1,3
1153,3777,5,6,4.0,5,2.1,5
1154,3859,1,5,5.0,5,2.1,1
1155,3895,1,5,5.0,5,2.1,1
1156,3920,1,5,5.0,5,2.1,1
1157,3929,0,6,4.0,5,2.1,5
1158,3947,2,5,5.0,5,2.1,2
1159,3970,7,6,4.0,5,2.1,7
1160,4013,4,5,5.0,5,2.1,4
1161,4014,1,5,5.0,5,2.1,1
1162,4020,6,6,4.0,5,2.1,6
1163,4027,3,5,5.0,5,2.1,3
1164,4032,5,12,2.0,5,2.1,5
1165,4047,4,5,5.0,5,2.1,4
1166,4055,5,11,1.0,5,2.1,5
1167,4085,3,5,5.0,5,2.1,3
1168,4087,8,6,4.0,5,2.1,8
1169,4093,8,9,3.0,5,2.1,8
1170,4105,1,5,5.0,5,2.1,1
1171,4129,3,10,1.0,5,2.1,3
1172,4191,1,5,5.0,5,2.1,1
1173,4234,5,6,4.0,5,2.1,5
1174,4239,7,5,5.0,5,2.1,7
1175,4240,6,5,5.0,5,2.1,6
1176,4264,5,9,1.0,5,2.1,5
1177,4298,7,6,4.0,5,2.1,7
1178,4306,8,5,5.0,5,2.1,8
1179,4307,3,8,2.0,5,2.1,3
1180,4316,5,7,4.0,5,2.1,5
1181,4318,3,7,3.0,5,2.1,3
1182,4337,6,5,5.0,5,2.1,6
1183,4356,5,6,4.0,5,2.1,5
1184,4375,9,5,5.0,5,2.1,5
1185,4394,3,6,4.0,5,2.1,3
1186,4397,4,6,4.0,5,2.1,4
1187,4417,6,5,5.0,5,2.1,6
1188,4436,7,8,2.0,5,2.1,3
1189,4441,3,8,2.0,5,2.1,5
1190,4493,3,6,4.0,5,2.1,3
1191,4507,2,5,5.0,5,2.1,2
1192,4511,2,5,5.0,5,2.1,2
1193,4607,1,5,5.0,5,2.1,1
1194,4608,6,5,5.0,5,2.1,6
1195,4616,4,5,5.0,5,2.1,2
1196,4697,5,10,3.0,5,2.1,5
1197,4699,6,6,4.0,5,2.1,6
1198,4723,5,5,5.0,5,2.1,5
1199,4732,7,6,4.0,5,2.1,8
1200,4733,1,5,5.0,5,2.1,1
1201,4734,1,5,5.0,5,2.1,1
1202,4750,5,6,4.0,5,2.1,5
1203,4752,4,5,5.0,5,2.1,4
1204,4767,3,11,1.0,5,2.1,5
1205,4780,6,5,5.0,5,2.1,6
1206,4802,4,8,2.0,5,2.1,2
1207,4838,7,5,5.0,5,2.1,7
1208,4854,1,5,5.0,5,2.1,1
1209,4879,2,5,5.0,5,2.1,2
1210,4880,8,5,5.0,5,2.1,8
1211,4929,3,5,5.0,5,2.1,3
1212,4951,2,6,4.0,5,2.1,2
1213,4956,7,5,5.0,5,2.1,7
1214,4974,3,5,5.0,5,2.1,3
1215,4981,6,5,5.0,5,2.1,6
1216,4992,7,5,5.0,5,2.1,7
1217,5024,4,5,5.0,5,2.1,4
1218,5068,2,8,4.0,5,2.1,3
1219,5075,3,6,4.0,5,2.1,3
1220,5082,1,5,5.0,5,2.1,1
1221,5108,7,5,5.0,5,2.1,7
1222,5111,7,5,5.0,5,2.1,7
1223,5124,4,5,5.0,5,2.1,4
1224,5162,6,5,5.0,5,2.1,6
1225,5163,7,5,5.0,5,2.1,7
1226,5176,4,5,5.0,5,2.1,4
1227,5185,8,6,4.0,5,2.1,8
1228,5189,8,5,5.0,5,2.1,8
1229,5190,2,5,5.0,5,2.1,2
1230,5210,8,10,1.0,5,2.1,8
1231,5267,2,5,5.0,5,2.1,2
1232,5328,1,5,5.0,5,2.1,1
1233,5340,5,5,5.0,5,2.1,5
1234,5347,3,5,5.0,5,2.1,3
1235,5351,1,5,5.0,5,2.1,1
1236,5419,3,5,5.0,5,2.1,3
1237,5435,8,5,5.0,5,2.1,8
1238,5446,5,7,4.0,5,2.1,5
1239,5489,5,8,2.0,5,2.1,5
1240,5500,1,5,5.0,5,2.1,1
1241,5606,2,5,5.0,5,2.1,2
1242,5636,3,5,5.0,5,2.1,3
1243,5639,3,5,5.0,5,2.1,3
1244,5649,4,6,4.0,5,2.1,8
1245,5661,6,5,5.0,5,2.1,6
1246,5666,6,5,5.0,5,2.1,6
1247,5750,8,5,5.0,5,2.1,8
1248,5756,6,5,5.0,5,2.1,6
1249,5764,2,5,5.0,5,2.1,2
1250,5794,6,5,5.0,5,2.1,6
1251,5799,7,5,5.0,5,2.1,7
1252,5803,5,7,4.0,5,2.1,5
1253,5858,8,9,2.0,5,2.1,8
1254,5862,7,6,4.0,5,2.1,7
1255,5863,5,8,2.0,5,2.1,5
1256,5888,0,5,5.0,5,2.1,7
1257,5906,8,5,5.0,5,2.1,8
1258,5910,6,5,5.0,5,2.1,6
1259,5911,5,8,2.0,5,2.1,5
1260,5929,6,5,5.0,5,2.1,6
1261,5935,2,6,4.0,5,2.1,2
1262,5936,3,7,4.0,5,2.1,3
1263,5938,3,8,3.0,5,2.1,5
1264,5946,3,5,5.0,5,2.1,3
1265,5951,8,5,5.0,5,2.1,8
1266,5958,5,6,4.0,5,2.1,5
1267,5971,1,5,5.0,5,2.1,1
1268,5976,4,6,4.0,5,2.1,4
1269,5983,3,7,3.0,5,2.1,5
1270,6013,1,5,5.0,5,2.1,1
1271,6015,2,6,4.0,5,2.1,2
1272,6074,1,5,5.0,5,2.1,1
1273,6077,4,5,5.0,5,2.1,4
1274,6105,6,5,5.0,5,2.1,6
1275,6139,4,5,5.0,5,2.1,4
1276,6190,8,5,5.0,5,2.1,8
1277,6204,2,5,5.0,5,2.1,2
1278,6208,6,5,5.0,5,2.1,6
1279,6221,4,5,5.0,5,2.1,4
1280,6269,4,5,5.0,5,2.1,4
1281,6286,3,5,5.0,5,2.1,3
1282,6315,5,6,4.0,5,2.1,5
1283,6326,6,5,5.0,5,2.1,6
1284,6351,6,5,5.0,5,2.1,6
1285,6362,7,5,5.0,5,2.1,7
1286,6371,3,5,5.0,5,2.1,3
1287,6383,3,5,5.0,5,2.1,3
1288,6396,8,5,5.0,5,2.1,8
1289,6398,1,5,5.0,5,2.1,1
1290,6403,6,11,2.0,5,2.1,6
1291,6433,3,5,5.0,5,2.1,3
1292,6436,8,5,5.0,5,2.1,8
1293,6461,4,6,4.0,5,2.1,4
1294,6468,8,5,5.0,5,2.1,8
1295,6469,1,5,5.0,5,2.1,1
1296,6536,3,5,5.0,5,2.1,3
1297,6546,1,5,5.0,5,2.1,1
1298,6562,7,5,5.0,5,2.1,7
1299,6563,2,7,4.0,5,2.1,2
1300,6570,3,12,1.0,5,2.1,3
1301,6587,7,5,5.0,5,2.1,7
1302,6604,8,6,4.0,5,2.1,8
1303,6613,8,7,4.0,5,2.1,8
1304,6635,1,5,5.0,5,2.1,1
1305,6636,2,5,5.0,5,2.1,2
1306,6642,8,7,4.0,5,2.1,8
1307,6664,7,5,5.0,5,2.1,7
1308,6817,8,5,5.0,5,2.1,8
1309,6832,2,5,5.0,5,2.1,2
1310,6923,6,5,5.0,5,2.1,6
1311,6961,7,5,5.0,5,2.1,7
1312,7002,2,5,5.0,5,2.1,2
1313,7013,2,5,5.0,5,2.1,2
1314,7028,8,5,5.0,5,2.1,8
1315,7055,7,5,5.0,5,2.1,2
1316,7078,5,5,5.0,5,2.1,5
1317,7094,7,8,2.0,5,2.1,2
1318,7116,2,6,4.0,5,2.1,2
1319,7120,3,5,5.0,5,2.1,3
1320,7131,3,5,5.0,5,2.1,3
1321,7158,3,5,5.0,5,2.1,3
1322,7161,5,5,5.0,5,2.1,5
1323,7166,1,5,5.0,5,2.1,1
1324,7185,2,6,4.0,5,2.1,2
1325,7190,7,5,5.0,5,2.1,7
1326,7192,1,5,5.0,5,2.1,1
1327,7224,1,5,5.0,5,2.1,1
1328,7233,1,5,5.0,5,2.1,1
1329,7254,1,5,5.0,5,2.1,1
1330,7336,6,5,5.0,5,2.1,6
1331,7339,4,8,3.0,5,2.1,4
1332,7359,6,5,5.0,5,2.1,6
1333,7360,2,5,5.0,5,2.1,2
1334,7362,4,5,5.0,5,2.1,4
1335,7405,1,10,1.0,5,2.1,6
1336,7406,1,5,5.0,5,2.1,1
1337,7448,1,5,5.0,5,2.1,1
1338,7519,2,5,5.0,5,2.1,2
1339,7522,5,7,4.0,5,2.1,5
1340,7542,5,10,2.0,5,2.1,5
1341,7544,3,6,4.0,5,2.1,3
1342,7579,5,8,3.0,5,2.1,5
1343,7582,1,5,5.0,5,2.1,1
1344,7606,7,5,5.0,5,2.1,7
1345,7613,5,7,4.0,5,2.1,5
1346,7649,7,5,5.0,5,2.1,7
1347,7663,4,5,5.0,5,2.1,4
1348,7671,6,5,5.0,5,2.1,6
1349,7691,3,5,5.0,5,2.1,3
1350,7717,2,5,5.0,5,2.1,2
1351,7729,1,5,5.0,5,2.1,1
1352,7732,4,5,5.0,5,2.1,4
1353,7762,6,5,5.0,5,2.1,6
1354,7773,2,6,4.0,5,2.1,2
1355,7798,5,13,1.0,5,2.1,5
1356,7822,3,7,3.0,5,2.1,3
1357,7920,8,7,4.0,5,2.1,8
1358,7940,6,5,5.0,5,2.1,6
1359,7993,2,5,5.0,5,2.1,2
1360,8005,1,5,5.0,5,2.1,1
1361,8009,7,5,5.0,5,2.1,7
1362,8042,6,5,5.0,5,2.1,6
1363,8096,1,9,3.0,5,2.1,4
1364,8104,6,5,5.0,5,2.1,6
1365,8105,6,10,1.0,5,2.1,6
1366,8204,7,5,5.0,5,2.1,7
1367,8354,4,8,3.0,5,2.1,2
1368,8391,1,6,4.0,5,2.1,1
1369,8413,5,7,3.0,5,2.1,5
1370,8430,3,6,4.0,5,2.1,3
1371,8435,4,5,5.0,5,2.1,4
1372,8450,1,5,5.0,5,2.1,1
1373,8454,5,7,4.0,5,2.1,5
1374,8465,6,5,5.0,5,2.1,6
1375,8531,8,8,4.0,5,2.1,8
1376,8560,1,5,5.0,5,2.1,1
1377,8570,2,5,5.0,5,2.1,2
1378,8579,5,10,3.0,5,2.1,5
1379,8626,2,5,5.0,5,2.1,2
1380,8663,4,5,5.0,5,2.1,4
1381,8737,7,5,5.0,5,2.1,7
1382,8741,1,5,5.0,5,2.1,1
1383,8762,5,6,4.0,5,2.1,5
1384,8810,1,5,5.0,5,2.1,1
1385,8814,5,5,5.0,5,2.1,5
1386,8830,4,5,5.0,5,2.1,4
1387,8833,4,5,5.0,5,2.1,4
1388,8871,2,5,5.0,5,2.1,2
1389,8876,1,5,5.0,5,2.1,1
1390,8888,1,5,5.0,5,2.1,1
1391,8890,2,5,5.0,5,2.1,2
1392,8892,7,5,5.0,5,2.1,7
1393,8927,7,5,5.0,5,2.1,7
1394,8931,1,5,5.0,5,2.1,1
1395,8932,7,5,5.0,5,2.1,7
1396,8947,3,5,5.0,5,2.1,3
1397,8955,4,5,5.0,5,2.1,4
1398,8985,7,5,5.0,5,2.1,7
1399,9016,7,7,3.0,5,2.1,7
1400,9019,2,6,4.0,5,2.1,2
1401,9020,7,5,5.0,5,2.1,7
1402,9047,2,6,4.0,5,2.1,2
1403,9089,8,5,5.0,5,2.1,8
1404,9103,4,5,5.0,5,2.1,4
1405,9104,4,5,5.0,5,2.1,4
1406,9107,3,5,5.0,5,2.1,3
1407,9127,8,5,5.0,5,2.1,8
1408,9147,6,5,5.0,5,2.1,6
1409,9174,8,5,5.0,5,2.1,8
1410,9203,3,7,4.0,5,2.1,3
1411,9290,5,6,4.0,5,2.1,5
1412,9291,5,6,4.0,5,2.1,5
1413,9349,1,5,5.0,5,2.1,1
1414,9371,3,5,5.0,5,2.1,3
1415,9380,2,5,5.0,5,2.1,2
1416,9390,2,5,5.0,5,2.1,2
1417,9480,3,6,4.0,5,2.1,3
1418,9504,5,5,5.0,5,2.1,5
1419,9567,7,5,5.0,5,2.1,7
1420,9575,8,5,5.0,5,2.1,8
1421,9618,6,5,5.0,5,2.1,6
1422,9623,1,5,5.0,5,2.1,1
1423,9628,6,5,5.0,5,2.1,6
1424,9640,4,5,5.0,5,2.1,4
1425,9708,3,5,5.0,5,2.1,3
1426,9723,8,8,4.0,5,2.1,8
1427,9763,3,14,2.0,5,2.1,3
1428,9776,6,5,5.0,5,2.1,6
1429,9780,2,7,4.0,5,2.1,2
1430,9789,7,5,5.0,5,2.1,7
1431,9800,1,5,5.0,5,2.1,1
1432,9828,8,5,5.0,5,2.1,8
1433,9864,8,5,5.0,5,2.1,8
1434,9870,7,5,5.0,5,2.1,7
1435,9896,7,5,5.0,5,2.1,7
1436,9906,7,6,4.0,5,2.1,3
1437,9922,6,5,5.0,5,2.1,6
1438,9942,5,8,3.0,5,2.1,5
1439,9990,6,5,5.0,5,2.1,6
1440,9,6,13,2.0,5,2.9,5
1441,33,3,5,5.0,5,2.9,3
1442,45,3,13,2.0,5,2.9,3
1443,48,2,5,5.0,5,2.9,2
1444,95,1,5,5.0,5,2.9,1
1445,112,7,5,5.0,5,2.9,7
1446,147,8,5,5.0,5,2.9,8
1447,150,9,11,2.0,5,2.9,2
1448,168,5,10,2.0,5,2.9,5
1449,181,1,5,5.0,5,2.9,1
1450,211,4,5,5.0,5,2.9,4
1451,277,1,5,5.0,5,2.9,1
1452,291,5,13,1.0,5,2.9,8
1453,322,7,6,4.0,5,2.9,2
1454,339,8,6,4.0,5,2.9,8
1455,341,4,8,3.0,5,2.9,5
1456,374,8,5,5.0,5,2.9,8
1457,382,3,5,5.0,5,2.9,3
1458,413,0,13,2.0,5,2.9,5
1459,445,2,5,5.0,5,2.9,2
1460,446,6,6,4.0,5,2.9,6
1461,447,6,5,5.0,5,2.9,6
1462,465,7,6,4.0,5,2.9,3
1463,500,6,5,5.0,5,2.9,6
1464,517,4,8,2.0,5,2.9,2
1465,554,4,10,3.0,5,2.9,8
1466,583,1,7,4.0,5,2.9,8
1467,615,7,9,2.0,5,2.9,3
1468,626,6,7,4.0,5,2.9,6
1469,638,3,5,5.0,5,2.9,3
1470,660,1,5,5.0,5,2.9,2
1471,668,1,7,3.0,5,2.9,7
1472,685,7,6,4.0,5,2.9,7
1473,721,6,9,3.0,5,2.9,5
1474,741,4,9,3.0,5,2.9,4
1475,753,4,5,5.0,5,2.9,4
1476,766,4,5,5.0,5,2.9,4
1477,803,4,5,5.0,5,2.9,4
1478,821,6,5,5.0,5,2.9,6
1479,839,4,5,5.0,5,2.9,4
1480,845,8,9,3.0,5,2.9,8
1481,892,2,5,5.0,5,2.9,2
1482,938,6,5,5.0,5,2.9,6
1483,942,7,5,5.0,5,2.9,7
1484,953,6,5,5.0,5,2.9,6
1485,957,4,8,2.0,5,2.9,1
1486,970,4,6,4.0,5,2.9,4
1487,972,4,5,5.0,5,2.9,4
1488,984,8,7,4.0,5,2.9,8
1489,990,6,5,5.0,5,2.9,6
1490,1008,8,5,5.0,5,2.9,8
1491,1040,1,7,4.0,5,2.9,7
1492,1044,4,5,5.0,5,2.9,4
1493,1050,2,6,4.0,5,2.9,2
1494,1051,2,12,2.0,5,2.9,2
1495,1057,2,5,5.0,5,2.9,2
1496,1079,4,6,4.0,5,2.9,4
1497,1114,9,6,4.0,5,2.9,5
1498,1115,2,11,2.0,5,2.9,3
1499,1116,5,6,4.0,5,2.9,5
1500,1129,3,7,3.0,5,2.9,3
1501,1159,4,5,5.0,5,2.9,4
1502,1200,6,5,5.0,5,2.9,6
1503,1243,4,8,3.0,5,2.9,4
1504,1249,8,10,3.0,5,2.9,8
1505,1251,1,9,1.0,5,2.9,6
1506,1264,4,5,5.0,5,2.9,4
1507,1368,3,5,5.0,5,2.9,3
1508,1374,6,5,5.0,5,2.9,6
1509,1377,5,9,1.0,5,2.9,5
1510,1394,3,10,3.0,5,2.9,5
1511,1411,2,7,4.0,5,2.9,2
1512,1421,6,5,5.0,5,2.9,6
1513,1445,4,16,1.0,5,2.9,6
1514,1454,4,5,5.0,5,2.9,4
1515,1504,3,5,5.0,5,2.9,3
1516,1510,4,5,5.0,5,2.9,4
1517,1523,1,6,4.0,5,2.9,7
1518,1528,4,8,3.0,5,2.9,1
1519,1531,7,6,4.0,5,2.9,8
1520,1580,6,5,5.0,5,2.9,6
1521,1582,7,8,4.0,5,2.9,7
1522,1583,1,5,5.0,5,2.9,1
1523,1626,4,5,5.0,5,2.9,4
1524,1635,4,7,3.0,5,2.9,4
1525,1672,7,5,5.0,5,2.9,7
1526,1678,5,5,5.0,5,2.9,5
1527,1681,4,5,5.0,5,2.9,4
1528,1695,8,13,1.0,5,2.9,8
1529,1728,3,6,4.0,5,2.9,3
1530,1730,1,5,5.0,5,2.9,1
1531,1768,4,5,5.0,5,2.9,4
1532,1805,3,5,5.0,5,2.9,3
1533,1820,6,6,4.0,5,2.9,6
1534,1835,1,5,5.0,5,2.9,1
1535,1841,3,6,4.0,5,2.9,3
1536,1851,2,8,3.0,5,2.9,8
1537,1866,4,8,4.0,5,2.9,4
1538,1872,2,7,4.0,5,2.9,2
1539,1880,9,8,4.0,5,2.9,5
1540,1894,8,6,4.0,5,2.9,8
1541,1927,3,5,5.0,5,2.9,3
1542,1934,7,5,5.0,5,2.9,7
1543,1940,1,5,5.0,5,2.9,1
1544,1950,7,5,5.0,5,2.9,7
1545,1961,8,5,5.0,5,2.9,8
1546,1969,8,6,4.0,5,2.9,8
1547,1986,4,5,5.0,5,2.9,4
1548,2018,1,6,4.0,5,2.9,1
1549,2035,1,5,5.0,5,2.9,1
1550,2036,3,5,5.0,5,2.9,5
1551,2038,5,9,3.0,5,2.9,5
1552,2041,9,10,1.0,5,2.9,5
1553,2083,2,8,2.0,5,2.9,2
1554,2091,1,6,4.0,5,2.9,4
1555,2099,0,5,5.0,5,2.9,2
1556,2116,7,5,5.0,5,2.9,7
1557,2144,7,6,4.0,5,2.9,7
1558,2150,8,5,5.0,5,2.9,8
1559,2174,4,6,4.0,5,2.9,4
1560,2207,4,5,5.0,5,2.9,4
1561,2220,8,5,5.0,5,2.9,8
1562,2235,7,5,5.0,5,2.9,7
1563,2267,4,8,4.0,5,2.9,1
1564,2272,8,5,5.0,5,2.9,8
1565,2274,1,5,5.0,5,2.9,1
1566,2289,3,5,5.0,5,2.9,3
1567,2323,5,8,3.0,5,2.9,5
1568,2345,7,5,5.0,5,2.9,7
1569,2348,3,7,4.0,5,2.9,3
1570,2373,7,6,4.0,5,2.9,7
1571,2395,4,5,5.0,5,2.9,4
1572,2424,8,5,5.0,5,2.9,8
1573,2448,4,8,2.0,5,2.9,4
1574,2458,4,6,4.0,5,2.9,4
1575,2475,7,6,4.0,5,2.9,7
1576,2489,1,11,2.0,5,2.9,2
1577,2501,2,7,4.0,5,2.9,2
1578,2522,7,5,5.0,5,2.9,7
1579,2531,4,5,5.0,5,2.9,4
1580,2535,3,6,4.0,5,2.9,3
1581,2536,6,7,3.0,5,2.9,6
1582,2540,7,6,4.0,5,2.9,7
1583,2544,8,13,2.0,5,2.9,8
1584,2585,8,5,5.0,5,2.9,8
1585,2655,1,7,3.0,5,2.9,6
1586,2691,3,5,5.0,5,2.9,3
1587,2696,7,5,5.0,5,2.9,7
1588,2737,7,5,5.0,5,2.9,7
1589,2835,8,5,5.0,5,2.9,8
1590,2847,6,5,5.0,5,2.9,6
1591,2890,4,5,5.0,5,2.9,4
1592,2898,8,5,5.0,5,2.9,8
1593,2970,5,11,2.0,5,2.9,5
1594,2992,3,5,5.0,5,2.9,3
1595,2998,1,5,5.0,5,2.9,1
1596,3028,1,5,5.0,5,2.9,1
1597,3037,6,5,5.0,5,2.9,6
1598,3048,2,5,5.0,5,2.9,2
1599,3059,6,6,4.0,5,2.9,6
1600,3063,2,9,4.0,5,2.9,8
1601,3069,8,6,4.0,5,2.9,8
1602,3074,7,11,3.0,5,2.9,1
1603,3116,9,17,1.0,5,2.9,5
1604,3170,4,5,5.0,5,2.9,4
1605,3177,2,9,2.0,5,2.9,2
1606,3181,2,5,5.0,5,2.9,2
1607,3255,0,7,4.0,5,2.9,6
1608,3310,7,5,5.0,5,2.9,7
1609,3329,7,5,5.0,5,2.9,7
1610,3331,0,10,1.0,5,2.9,2
1611,3334,4,13,1.0,5,2.9,7
1612,3337,9,10,2.0,5,2.9,5
1613,3375,8,5,5.0,5,2.9,8
1614,3377,7,9,1.0,5,2.9,7
1615,3432,4,5,5.0,5,2.9,4
1616,3463,5,5,5.0,5,2.9,5
1617,3466,4,6,4.0,5,2.9,4
1618,3521,4,6,4.0,5,2.9,6
1619,3544,4,5,5.0,5,2.9,4
1620,3558,6,9,2.0,5,2.9,6
1621,3559,0,6,4.0,5,2.9,5
1622,3587,1,5,5.0,5,2.9,1
1623,3599,1,5,5.0,5,2.9,1
1624,3656,2,5,5.0,5,2.9,2
1625,3693,7,5,5.0,5,2.9,7
1626,3720,7,5,5.0,5,2.9,7
1627,3728,0,14,1.0,5,2.9,8
1628,3732,2,5,5.0,5,2.9,2
1629,3747,3,8,3.0,5,2.9,3
1630,3759,4,6,4.0,5,2.9,4
1631,3768,2,8,2.0,5,2.9,7
1632,3770,3,6,4.0,5,2.9,3
1633,3777,3,10,2.0,5,2.9,5
1634,3859,1,5,5.0,5,2.9,1
1635,3895,1,5,5.0,5,2.9,1
1636,3920,1,6,4.0,5,2.9,1
1637,3929,0,6,4.0,5,2.9,5
1638,3947,2,6,4.0,5,2.9,2
1639,3970,7,5,5.0,5,2.9,7
1640,4013,4,5,5.0,5,2.9,4
1641,4014,1,5,5.0,5,2.9,1
1642,4020,6,5,5.0,5,2.9,6
1643,4027,3,6,4.0,5,2.9,3
1644,4032,5,13,3.0,5,2.9,5
1645,4047,4,5,5.0,5,2.9,4
1646,4055,5,15,1.0,5,2.9,5
1647,4085,3,6,4.0,5,2.9,3
1648,4087,8,11,1.0,5,2.9,8
1649,4093,0,11,1.0,5,2.9,8
1650,4105,1,5,5.0,5,2.9,1
1651,4129,3,7,4.0,5,2.9,3
1652,4191,1,5,5.0,5,2.9,1
1653,4234,5,6,4.0,5,2.9,5
1654,4239,7,6,4.0,5,2.9,7
1655,4240,6,5,5.0,5,2.9,6
1656,4264,5,6,4.0,5,2.9,5
1657,4298,7,6,4.0,5,2.9,7
1658,4306,8,12,1.0,5,2.9,8
1659,4307,7,12,1.0083980560302734,5,2.9,3
1660,4316,4,9,3.0,5,2.9,5
1661,4318,5,7,4.0,5,2.9,3
1662,4337,6,5,5.0,5,2.9,6
1663,4356,5,9,1.0,5,2.9,5
1664,4375,5,11,2.0,5,2.9,5
1665,4394,3,6,4.0,5,2.9,3
1666,4397,4,5,5.0,5,2.9,4
1667,4417,6,5,5.0,5,2.9,6
1668,4436,7,6,4.0,5,2.9,3
1669,4441,3,10,2.0,5,2.9,5
1670,4493,3,5,5.0,5,2.9,3
1671,4507,2,7,4.0,5,2.9,2
1672,4511,2,5,5.0,5,2.9,2
1673,4607,1,5,5.0,5,2.9,1
1674,4608,6,6,4.0,5,2.9,6
1675,4616,4,7,4.0,5,2.9,2
1676,4697,3,9,3.0,5,2.9,5
1677,4699,6,9,3.0,5,2.9,6
1678,4723,5,14,1.0,5,2.9,5
1679,4732,7,11,1.0,5,2.9,8
1680,4733,1,5,5.0,5,2.9,1
1681,4734,1,5,5.0,5,2.9,1
1682,4750,0,14,1.0,5,2.9,5
1683,4752,4,5,5.0,5,2.9,4
1684,4767,5,11,3.0,5,2.9,5
1685,4780,6,5,5.0,5,2.9,6
1686,4802,4,6,4.0,5,2.9,2
1687,4838,7,6,4.0,5,2.9,7
1688,4854,1,6,4.0,5,2.9,1
1689,4879,2,5,5.0,5,2.9,2
1690,4880,8,10,3.0,5,2.9,8
1691,4929,3,6,4.0,5,2.9,3
1692,4951,2,13,1.0,5,2.9,2
1693,4956,7,5,5.0,5,2.9,7
1694,4974,3,5,5.0,5,2.9,3
1695,4981,6,8,3.0,5,2.9,6
1696,4992,7,5,5.0,5,2.9,7
1697,5024,4,5,5.0,5,2.9,4
1698,5068,2,8,4.0,5,2.9,3
1699,5075,3,7,3.0,5,2.9,3
1700,5082,1,5,5.0,5,2.9,1
1701,5108,7,5,5.0,5,2.9,7
1702,5111,7,5,5.0,5,2.9,7
1703,5124,4,5,5.0,5,2.9,4
1704,5162,6,5,5.0,5,2.9,6
1705,5163,7,5,5.0,5,2.9,7
1706,5176,4,5,5.0,5,2.9,4
1707,5185,8,14,1.0,5,2.9,8
1708,5189,8,6,4.0,5,2.9,8
1709,5190,2,5,5.0,5,2.9,2
1710,5210,6,6,4.0,5,2.9,8
1711,5267,2,5,5.0,5,2.9,2
1712,5328,1,5,5.0,5,2.9,1
1713,5340,5,5,5.0,5,2.9,5
1714,5347,3,5,5.0,5,2.9,3
1715,5351,1,5,5.0,5,2.9,1
1716,5419,3,6,4.0,5,2.9,3
1717,5435,8,8,4.0,5,2.9,8
1718,5446,5,10,3.0,5,2.9,5
1719,5489,5,8,4.0,5,2.9,5
1720,5500,1,5,5.0,5,2.9,1
1721,5606,2,6,4.0,5,2.9,2
1722,5636,3,5,5.0,5,2.9,3
1723,5639,3,5,5.0,5,2.9,3
1724,5649,4,5,5.0,5,2.9,8
1725,5661,6,5,5.0,5,2.9,6
1726,5666,6,5,5.0,5,2.9,6
1727,5750,8,6,4.0,5,2.9,8
1728,5756,6,5,5.0,5,2.9,6
1729,5764,2,5,5.0,5,2.9,2
1730,5794,6,5,5.0,5,2.9,6
1731,5799,7,6,4.0,5,2.9,7
1732,5803,9,17,1.0,5,2.9,5
1733,5858,8,12,2.0,5,2.9,8
1734,5862,7,5,5.0,5,2.9,7
1735,5863,3,10,2.0,5,2.9,5
1736,5888,0,7,4.0,5,2.9,7
1737,5906,8,6,4.0,5,2.9,8
1738,5910,6,5,5.0,5,2.9,6
1739,5911,3,14,1.0,5,2.9,5
1740,5929,6,5,5.0,5,2.9,6
1741,5935,4,11,2.0,5,2.9,2
1742,5936,3,12,2.0,5,2.9,3
1743,5938,3,7,3.0,5,2.9,5
1744,5946,3,5,5.0,5,2.9,3
1745,5951,8,6,4.0,5,2.9,8
1746,5958,9,10,1.0,5,2.9,5
1747,5971,1,6,4.0,5,2.9,1
1748,5976,4,5,5.0,5,2.9,4
1749,5983,3,6,4.0,5,2.9,5
1750,6013,1,5,5.0,5,2.9,1
1751,6015,2,6,4.0,5,2.9,2
1752,6074,1,5,5.0,5,2.9,1
1753,6077,4,5,5.0,5,2.9,4
1754,6105,6,5,5.0,5,2.9,6
1755,6139,4,5,5.0,5,2.9,4
1756,6190,8,5,5.0,5,2.9,8
1757,6204,2,5,5.0,5,2.9,2
1758,6208,6,5,5.0,5,2.9,6
1759,6221,4,5,5.0,5,2.9,4
1760,6269,4,5,5.0,5,2.9,4
1761,6286,3,7,3.0,5,2.9,3
1762,6315,5,16,1.0,5,2.9,5
1763,6326,6,5,5.0,5,2.9,6
1764,6351,6,5,5.0,5,2.9,6
1765,6362,7,5,5.0,5,2.9,7
1766,6371,3,5,5.0,5,2.9,3
1767,6383,3,5,5.0,5,2.9,3
1768,6396,8,5,5.0,5,2.9,8
1769,6398,1,5,5.0,5,2.9,1
1770,6403,6,7,3.0,5,2.9,6
1771,6433,7,8,3.0,5,2.9,3
1772,6436,8,6,4.0,5,2.9,8
1773,6461,4,6,4.0,5,2.9,4
1774,6468,8,5,5.0,5,2.9,8
1775,6469,1,5,5.0,5,2.9,1
1776,6536,3,6,4.0,5,2.9,3
1777,6546,1,5,5.0,5,2.9,1
1778,6562,1,9,1.0,5,2.9,7
1779,6563,2,12,3.0,5,2.9,2
1780,6570,1,11,2.0,5,2.9,3
1781,6587,7,5,5.0,5,2.9,7
1782,6604,8,14,1.0,5,2.9,8
1783,6613,8,5,5.0,5,2.9,8
1784,6635,1,5,5.0,5,2.9,1
1785,6636,2,6,4.0,5,2.9,2
1786,6642,8,6,4.0,5,2.9,8
1787,6664,7,5,5.0,5,2.9,7
1788,6817,8,5,5.0,5,2.9,8
1789,6832,2,6,4.0,5,2.9,2
1790,6923,6,5,5.0,5,2.9,6
1791,6961,7,5,5.0,5,2.9,7
1792,7002,2,5,5.0,5,2.9,2
1793,7013,2,5,5.0,5,2.9,2
1794,7028,8,5,5.0,5,2.9,8
1795,7055,7,6,4.0,5,2.9,2
1796,7078,5,6,4.0,5,2.9,5
1797,7094,7,7,4.0,5,2.9,2
1798,7116,2,7,3.0,5,2.9,2
1799,7120,3,5,5.0,5,2.9,3
1800,7131,3,5,5.0,5,2.9,3
1801,7158,3,6,4.0,5,2.9,3
1802,7161,5,8,4.0,5,2.9,5
1803,7166,1,5,5.0,5,2.9,1
1804,7185,2,5,5.0,5,2.9,2
1805,7190,7,5,5.0,5,2.9,7
1806,7192,1,5,5.0,5,2.9,1
1807,7224,1,5,5.0,5,2.9,1
1808,7233,1,5,5.0,5,2.9,1
1809,7254,1,5,5.0,5,2.9,1
1810,7336,6,6,4.0,5,2.9,6
1811,7339,4,5,5.0,5,2.9,4
1812,7359,6,5,5.0,5,2.9,6
1813,7360,2,5,5.0,5,2.9,2
1814,7362,4,5,5.0,5,2.9,4
1815,7405,0,5,5.0,5,2.9,6
1816,7406,1,5,5.0,5,2.9,1
1817,7448,1,5,5.0,5,2.9,1
1818,7519,2,5,5.0,5,2.9,2
1819,7522,5,8,4.0,5,2.9,5
1820,7542,5,5,5.0,5,2.9,5
1821,7544,3,5,5.0,5,2.9,3
1822,7579,5,7,4.0,5,2.9,5
1823,7582,1,5,5.0,5,2.9,1
1824,7606,7,5,5.0,5,2.9,7
1825,7613,8,17,1.0,5,2.9,5
1826,7649,7,5,5.0,5,2.9,7
1827,7663,4,5,5.0,5,2.9,4
1828,7671,6,5,5.0,5,2.9,6
1829,7691,3,6,4.0,5,2.9,3
1830,7717,2,5,5.0,5,2.9,2
1831,7729,1,5,5.0,5,2.9,1
1832,7732,4,5,5.0,5,2.9,4
1833,7762,6,5,5.0,5,2.9,6
1834,7773,2,6,4.0,5,2.9,2
1835,7798,9,9,3.0,5,2.9,5
1836,7822,3,7,3.0,5,2.9,3
1837,7920,8,7,4.0,5,2.9,8
1838,7940,6,5,5.0,5,2.9,6
1839,7993,2,6,4.0,5,2.9,2
1840,8005,1,5,5.0,5,2.9,1
1841,8009,7,5,5.0,5,2.9,7
1842,8042,6,5,5.0,5,2.9,6
1843,8096,1,7,3.0,5,2.9,4
1844,8104,6,8,3.0,5,2.9,6
1845,8105,6,9,2.0,5,2.9,6
1846,8204,7,5,5.0,5,2.9,7
1847,8354,4,8,3.0,5,2.9,2
1848,8391,1,5,5.0,5,2.9,1
1849,8413,5,9,2.0,5,2.9,5
1850,8430,3,5,5.0,5,2.9,3
1851,8435,4,5,5.0,5,2.9,4
1852,8450,1,5,5.0,5,2.9,1
1853,8454,9,13,2.0,5,2.9,5
1854,8465,6,5,5.0,5,2.9,6
1855,8531,9,15,3.0,5,2.9,8
1856,8560,1,5,5.0,5,2.9,1
1857,8570,2,5,5.0,5,2.9,2
1858,8579,0,7,4.0,5,2.9,5
1859,8626,2,5,5.0,5,2.9,2
1860,8663,4,5,5.0,5,2.9,4
1861,8737,7,5,5.0,5,2.9,7
1862,8741,1,5,5.0,5,2.9,1
1863,8762,5,10,3.0,5,2.9,5
1864,8810,1,5,5.0,5,2.9,1
1865,8814,5,5,5.0,5,2.9,5
1866,8830,4,5,5.0,5,2.9,4
1867,8833,4,6,4.0,5,2.9,4
1868,8871,2,6,4.0,5,2.9,2
1869,8876,1,5,5.0,5,2.9,1
1870,8888,1,5,5.0,5,2.9,1
1871,8890,2,6,4.0,5,2.9,2
1872,8892,7,5,5.0,5,2.9,7
1873,8927,7,5,5.0,5,2.9,7
1874,8931,1,5,5.0,5,2.9,1
1875,8932,7,6,4.0,5,2.9,7
1876,8947,3,6,4.0,5,2.9,3
1877,8955,4,5,5.0,5,2.9,4
1878,8985,7,5,5.0,5,2.9,7
1879,9016,7,5,5.0,5,2.9,7
1880,9019,2,8,3.0,5,2.9,2
1881,9020,7,5,5.0,5,2.9,7
1882,9047,2,6,4.0,5,2.9,2
1883,9089,8,5,5.0,5,2.9,8
1884,9103,4,5,5.0,5,2.9,4
1885,9104,4,5,5.0,5,2.9,4
1886,9107,3,5,5.0,5,2.9,3
1887,9127,8,5,5.0,5,2.9,8
1888,9147,6,5,5.0,5,2.9,6
1889,9174,8,7,4.0,5,2.9,8
1890,9203,3,6,4.0,5,2.9,3
1891,9290,5,9,2.0,5,2.9,5
1892,9291,5,9,1.0,5,2.9,5
1893,9349,1,5,5.0,5,2.9,1
1894,9371,3,5,5.0,5,2.9,3
1895,9380,2,8,3.0,5,2.9,2
1896,9390,2,5,5.0,5,2.9,2
1897,9480,3,8,4.0,5,2.9,3
1898,9504,5,5,5.0,5,2.9,5
1899,9567,7,5,5.0,5,2.9,7
1900,9575,8,6,4.0,5,2.9,8
1901,9618,6,5,5.0,5,2.9,6
1902,9623,1,5,5.0,5,2.9,1
1903,9628,4,7,4.0,5,2.9,6
1904,9640,4,10,1.0,5,2.9,4
1905,9708,3,5,5.0,5,2.9,3
1906,9723,8,8,3.0,5,2.9,8
1907,9763,0,19,1.0,5,2.9,3
1908,9776,6,5,5.0,5,2.9,6
1909,9780,0,9,3.0,5,2.9,2
1910,9789,7,6,4.0,5,2.9,7
1911,9800,1,5,5.0,5,2.9,1
1912,9828,8,5,5.0,5,2.9,8
1913,9864,8,7,4.0,5,2.9,8
1914,9870,7,5,5.0,5,2.9,7
1915,9896,7,5,5.0,5,2.9,7
1916,9906,7,5,5.0,5,2.9,3
1917,9922,6,5,5.0,5,2.9,6
1918,9942,0,15,1.0,5,2.9,5
1919,9990,6,6,4.0,5,2.9,6
